iter	Logloss
0	0.6901278236
1	0.6895011168
2	0.6893734066
3	0.6891925216
4	0.6890647466
5	0.688485609
6	0.6884578564
7	0.6882302942
8	0.6881128472
9	0.6880240815
10	0.6879951941
11	0.6879476321
12	0.6879047304
13	0.6877814514
14	0.6877339857
15	0.6876926156
16	0.6875911398
17	0.6875265481
18	0.6874304757
19	0.6873709674
